index,midi_note,source,theoretical_hz,ftw,quantized_hz,quantization_error_hz,expected_left_peak,expected_right_peak
0,36,63,65.40639132514966,5852465,65.40639325976372,1.934614061838147e-06,29026.36415863037,9675.454719543457
1,37,63,69.29565774421802,6200470,69.29565221071243,-5.533505586186038e-06,9675.454719543457,29026.36415863037
2,38,63,73.41619197935188,6569170,73.41619580984116,3.830489276879234e-06,29026.36415863037,9675.454719543457
3,39,63,77.78174593052023,6959793,77.78174802660942,2.0960891902177536e-06,9675.454719543457,29026.36415863037
4,40,63,82.4068892282175,7373644,82.4068933725357,4.144318211274367e-06,29026.36415863037,9675.454719543457
5,41,63,87.30705785825097,7812103,87.30705454945564,-3.3087953283938987e-06,9675.454719543457,29026.36415863037
6,42,63,92.4986056779086,8276635,92.49860420823097,-1.469677627596866e-06,29026.36415863037,9675.454719543457
7,43,63,97.99885899543733,8768789,97.99885377287865,-5.222558684181422e-06,9675.454719543457,29026.36415863037
8,44,63,103.82617439498628,9290209,103.82617637515068,1.980164398673878e-06,29026.36415863037,9675.454719543457
9,45,63,110.0,9842633,109.99999567866325,-4.32133674621582e-06,9675.454719543457,29026.36415863037
10,46,63,116.54094037952248,10427907,116.54094234108925,1.961566766794931e-06,29026.36415863037,9675.454719543457
11,47,63,123.47082531403103,11047982,123.47082048654556,-4.827485469149906e-06,9675.454719543457,29026.36415863037
12,48,63,130.8127826502993,11704930,130.81278651952744,3.869228123676294e-06,29026.36415863037,9675.454719543457
13,49,63,138.59131548843604,12400941,138.59131559729576,1.0885972301366564e-07,9675.454719543457,29026.36415863037
14,50,63,146.8323839587038,13138339,146.83238044381142,-3.514892370048983e-06,29026.36415863037,9675.454719543457
15,51,63,155.56349186104046,13919586,155.56349605321884,4.192178380435507e-06,9675.454719543457,29026.36415863037
16,52,63,164.81377845643496,14747287,164.81377556920052,-2.8872344444152986e-06,29026.36415863037,9675.454719543457
17,53,63,174.61411571650194,15624207,174.61412027478218,4.558280238597945e-06,9675.454719543457,29026.36415863037
18,54,63,184.9972113558172,16553270,184.99720841646194,-2.939355255193732e-06,29026.36415863037,9675.454719543457
19,55,63,195.99771799087463,17537579,195.9977187216282,7.307535554446076e-07,9675.454719543457,29026.36415863037
20,56,63,207.65234878997256,18580418,207.65235275030136,3.960328797347756e-06,29026.36415863037,9675.454719543457
21,57,63,220.0,19685267,220.0000025331974,2.5331974029541016e-06,9675.454719543457,29026.36415863037
22,58,63,233.08188075904496,20855814,233.0818846821785,3.923133533589862e-06,29026.36415863037,9675.454719543457
23,59,63,246.94165062806206,22095965,246.94165214896202,1.5208999570859305e-06,9675.454719543457,29026.36415863037
24,60,63,261.6255653005986,23409859,261.625561863184,-3.4374146480331547e-06,29026.36415863037,9675.454719543457
25,61,63,277.1826309768721,24801882,277.1826311945915,2.177194460273313e-07,9675.454719543457,29026.36415863037
26,62,63,293.6647679174076,26276679,293.66477206349373,4.146086155287776e-06,29026.36415863037,9675.454719543457
27,63,63,311.1269837220809,27839171,311.1269809305668,-2.7915141345147276e-06,9675.454719543457,29026.36415863037
28,64,63,329.6275569128699,29494575,329.6275623142719,5.401402006555145e-06,29026.36415863037,9675.454719543457
29,65,63,349.2282314330039,31248413,349.22822937369347,-2.0593104181898525e-06,9675.454719543457,29026.36415863037
30,66,63,369.9944227116344,33106541,369.9944280087948,5.2971603849982785e-06,29026.36415863037,9675.454719543457
31,67,63,391.99543598174927,35075158,391.9954374432564,1.4615071108892153e-06,9675.454719543457,29026.36415863037
32,68,63,415.3046975799451,37160835,415.3046943247318,-3.2552133006902295e-06,29026.36415863037,9675.454719543457
33,69,63,440.0,39370534,440.0000050663948,5.066394805908203e-06,9675.454719543457,29026.36415863037
34,70,63,466.1637615180899,41711627,466.1637581884861,-3.329603828206018e-06,29026.36415863037,9675.454719543457
35,71,63,493.8833012561241,44191930,493.88330429792404,3.041799914171861e-06,9675.454719543457,29026.36415863037
36,72,63,523.2511306011972,46819719,523.2511349022388,4.301041599319433e-06,29026.36415863037,9675.454719543457
37,73,63,554.3652619537442,49603764,554.365262389183,4.354388920546626e-07,9675.454719543457,29026.36415863037
38,74,63,587.3295358348151,52553357,587.3295329511166,-2.8836985848101904e-06,29026.36415863037,9675.454719543457
39,75,63,622.2539674441618,55678342,622.2539618611336,-5.583028269029455e-06,9675.454719543457,29026.36415863037
40,76,63,659.2551138257398,58989149,659.255113452673,-3.7306688227545237e-07,29026.36415863037,9675.454719543457
41,77,63,698.4564628660078,62496826,698.4564587473869,-4.118620836379705e-06,9675.454719543457,29026.36415863037
42,78,63,739.9888454232688,66213081,739.9888448417187,-5.815501253891853e-07,29026.36415863037,9675.454719543457
43,79,63,783.9908719634985,70150316,783.9908748865128,2.9230142217784305e-06,9675.454719543457,29026.36415863037
44,80,63,830.6093951598903,74321671,830.6093998253345,4.665444294005283e-06,29026.36415863037,9675.454719543457
45,81,63,880.0,78741067,879.9999989569187,-1.043081283569336e-06,9675.454719543457,29026.36415863037
46,82,63,932.3275230361799,83423255,932.3275275528431,4.516663238973706e-06,29026.36415863037,9675.454719543457
47,83,63,987.7666025122483,88383859,987.7665974199772,-5.09227106704202e-06,9675.454719543457,29026.36415863037
48,84,63,1046.5022612023945,93639437,1046.5022586286068,-2.5737876967468765e-06,29026.36415863037,9675.454719543457
49,85,63,1108.7305239074883,99207528,1108.730524778366,8.708777841093251e-07,9675.454719543457,29026.36415863037
50,86,63,1174.6590716696303,105106715,1174.659077078104,5.4084737257653615e-06,29026.36415863037,9675.454719543457
51,87,63,1244.5079348883237,111356685,1244.507934898138,9.814357326831669e-09,9675.454719543457,29026.36415863037
52,88,63,1318.5102276514797,117978298,1318.510226905346,-7.461337645509047e-07,29026.36415863037,9675.454719543457
53,89,63,1396.9129257320155,124993653,1396.9129286706448,2.938629222626332e-06,9675.454719543457,29026.36415863037
54,90,63,1479.9776908465376,132426162,1479.9776896834373,-1.1631002507783705e-06,29026.36415863037,9675.454719543457
55,91,63,1567.981743926997,140300631,1567.9817385971546,-5.329842451828881e-06,9675.454719543457,29026.36415863037
56,92,63,1661.2187903197805,148643341,1661.2187884747982,-1.8449823073751759e-06,29026.36415863037,9675.454719543457
57,93,63,1760.0,157482134,1759.9999979138374,-2.086162567138672e-06,9675.454719543457,29026.36415863037
58,94,63,1864.6550460723597,166846509,1864.6550439298153,-2.14254441743833e-06,29026.36415863037,9675.454719543457
59,95,63,1975.533205024496,176767719,1975.5332060158253,9.913292160490528e-07,9675.454719543457,29026.36415863037
60,96,63,2093.004522404789,187278874,2093.0045172572136,-5.147575393493753e-06,29026.36415863037,9675.454719543457
61,97,63,2217.4610478149766,198415056,2217.461049556732,1.7417555682186503e-06,9675.454719543457,29026.36415863037
62,98,63,2349.31814333926,210213429,2349.318142980337,-3.589229891076684e-07,29026.36415863037,9675.454719543457
63,99,63,2489.0158697766474,222713370,2489.015869796276,1.9628714653663337e-08,9675.454719543457,29026.36415863037
